,rmse,mae,r2,mape,cv_rmse_mean,cv_rmse_std
linear_regression,32.279845989729026,26.132225690521654,-0.01959365389269041,24.04523708345831,30.28862247609924,11.194169113330151
random_forest,32.53438657436031,26.136474995810477,-0.035736928560585524,24.116886256291377,30.656870575335258,11.32760979872736
