,rmse,mae,r2,mape,cv_rmse_mean,cv_rmse_std
linear_regression,41.432327765328225,13.523090742816509,0.9592824119341558,7.572452162784048,41.89159995431683,9.698138652316349
random_forest,25.48890208158962,4.802340960335071,0.9845898936884051,2.313131827720282,25.683894950568295,4.810924973283845
xgboost,23.94303409120047,5.638042892602084,0.9864024161739844,2.8883993693814967,23.57580424020686,5.867015019580685
