,rmse,mae,r2,mape,cv_rmse_mean,cv_rmse_std
linear_regression,38.42439140001406,32.07590120135615,-0.11326552328534456,33.88002671972359,29.65344532595747,19.720038914942236
